Freq.	V(n169)	V(n171)
2.00000000000000e+001	(-3.50455066235552e+000dB,9.42811381603212e+001°)	(-3.50460549989491e+000dB,-8.57195736552127e+001°)
2.04658598456151e+001	(-1.97190158227547e+000dB,7.87305101709328e+001°)	(-1.97195641983744e+000dB,-1.01270218224917e+002°)
2.09425709610180e+001	(-8.74985886316989e-001dB,6.11955390268447e+001°)	(-8.75040723902610e-001dB,-1.18805206335526e+002°)
2.14303861047521e+001	(-2.80439058727039e-001dB,4.32855800751088e+001°)	(-2.80493896337340e-001dB,-1.36715182648984e+002°)
2.19295639228637e+001	(-6.38600210752674e-002dB,2.63738286447067e+001°)	(-6.39148587113696e-002dB,-1.53626951845515e+002°)
2.24403690860393e+001	(-2.51504651445336e-002dB,1.07529023214855e+001°)	(-2.52053028076182e-002dB,-1.69247896348690e+002°)
2.29630724299377e+001	(-2.57730121789017e-002dB,-4.18375434494369e+000°)	(-2.58278498701824e-002dB,1.75815428381460e+002°)
2.34979510987906e+001	(-3.94991752313555e-002dB,-1.93891016242427e+001°)	(-3.95540129520073e-002dB,1.60610062065412e+002°)
2.40452886923483e+001	(-1.57012733172739e-001dB,-3.56865035384142e+001°)	(-1.57067570924019e-001dB,1.44312640671069e+002°)
2.46053754162476e+001	(-5.62307611499703e-001dB,-5.32461290057476e+001°)	(-5.62362449282825e-001dB,1.26752995269814e+002°)
2.51785082358833e+001	(-1.43309657558848e+000dB,-7.11387090656676e+001°)	(-1.43315141340466e+000dB,1.08860394811652e+002°)
2.57649910338627e+001	(-2.79128680027023e+000dB,-8.77099041479622e+001°)	(-2.79134163812050e+000dB,9.22891788559795e+001°)
2.63651347711281e+001	(-4.48285112371156e+000dB,-1.01735647332910e+002°)	(-4.48290596159679e+000dB,7.82634143114518e+001°)
2.69792576518331e+001	(-6.31088799424313e+000dB,-1.12976801506063e+002°)	(-6.31094283216378e+000dB,6.70222382811897e+001°)
2.76076852920577e+001	(-8.13678196117295e+000dB,-1.21815974269287e+002°)	(-8.13683679912888e+000dB,5.81830431517343e+001°)
2.82507508924551e+001	(-9.88998763681454e+000dB,-1.28786483931709e+002°)	(-9.89004247480513e+000dB,5.12125106020923e+001°)
2.89087954149185e+001	(-1.15434927586208e+001dB,-1.34355320537944e+002°)	(-1.15435475966458e+001dB,4.56436505754963e+001°)
2.95821677633641e+001	(-1.30923068601704e+001dB,-1.38877605379033e+002°)	(-1.30923616982325e+001dB,4.11213417684723e+001°)
3.02712249687242e+001	(-1.45411194108465e+001dB,-1.42611016615150e+002°)	(-1.45411742489533e+001dB,3.73879060081406e+001°)
3.09763323782496e+001	(-1.58982199640913e+001dB,-1.45740773399345e+002°)	(-1.58982748022534e+001dB,3.42581241284751e+001°)
3.16978638492223e+001	(-1.71727259030226e+001dB,-1.48400893433437e+002°)	(-1.71727807412504e+001dB,3.15979784143738e+001°)
3.24362019471786e+001	(-1.83734042432622e+001dB,-1.50689645256320e+002°)	(-1.83734590815654e+001dB,2.93092003133356e+001°)
3.31917381487512e+001	(-1.95082305960256e+001dB,-1.52680224301982e+002°)	(-1.95082854344157e+001dB,2.73185943774483e+001°)
3.39648730492349e+001	(-2.05842783253960e+001dB,-1.54428033806472e+002°)	(-2.05843331638870e+001dB,2.55707573564373e+001°)
3.47560165749875e+001	(-2.16077483478633e+001dB,-1.55975665686134e+002°)	(-2.16078031864680e+001dB,2.40230973194377e+001°)
3.55655882007784e+001	(-2.25840523623725e+001dB,-1.57356343418319e+002°)	(-2.25841072010913e+001dB,2.26423907742349e+001°)
3.63940171721997e+001	(-2.35179101894744e+001dB,-1.58596334239470e+002°)	(-2.35179650282881e+001dB,2.14023704690856e+001°)
3.72417427332573e+001	(-2.44134442903804e+001dB,-1.59716664205945e+002°)	(-2.44134991292605e+001dB,2.02820103318877e+001°)
3.81092143592649e+001	(-2.52742649408729e+001dB,-1.60734355714278e+002°)	(-2.52743197797946e+001dB,1.92642879500268e+001°)
3.89968919951609e+001	(-2.61035442729980e+001dB,-1.61663333340749e+002°)	(-2.61035991119401e+001dB,1.83352787308327e+001°)
3.99052462993776e+001	(-2.69040794747450e+001dB,-1.62515096070075e+002°)	(-2.69041343136814e+001dB,1.74834836728128e+001°)
4.08347588933906e+001	(-2.76783462527834e+001dB,-1.63299222661660e+002°)	(-2.76784010916792e+001dB,1.66993239993218e+001°)
4.17859226170808e+001	(-2.84285438851506e+001dB,-1.64023756197291e+002°)	(-2.84285987239759e+001dB,1.59747566108148e+001°)
4.27592417900446e+001	(-2.91566331562048e+001dB,-1.64695500020605e+002°)	(-2.91566879949691e+001dB,1.53029781455146e+001°)
4.37552324789910e+001	(-2.98643683320881e+001dB,-1.65320247901115e+002°)	(-2.98644231708584e+001dB,1.46781948156263e+001°)
4.47744227713668e+001	(-3.05533241725513e+001dB,-1.65902964811994e+002°)	(-3.05533790114184e+001dB,1.40954416294968e+001°)
4.58173530553554e+001	(-3.12249188163652e+001dB,-1.66447930227245e+002°)	(-3.12249736554094e+001dB,1.35504390941056e+001°)
4.68845763063984e+001	(-3.18804332356980e+001dB,-1.66958852685723e+002°)	(-3.18804880749932e+001dB,1.30394786509690e+001°)
4.79766583803898e+001	(-3.25210278334531e+001dB,-1.67438962117101e+002°)	(-3.25210826730894e+001dB,1.25593303503541e+001°)
4.90941783137006e+001	(-3.31477566557595e+001dB,-1.67891084797148e+002°)	(-3.31478114958497e+001dB,1.21071678961874e+001°)
5.02377286301916e+001	(-3.37615796058112e+001dB,-1.68317704613334e+002°)	(-3.37616344464458e+001dB,1.16805073804967e+001°)
5.14079156553772e+001	(-3.43633729734819e+001dB,-1.68721013481662e+002°)	(-3.43634278146394e+001dB,1.12771568661178e+001°)
5.26053598379076e+001	(-3.49539385476978e+001dB,-1.69102953158182e+002°)	(-3.49539933892231e+001dB,1.08951745745719e+001°)
5.38306960785383e+001	(-3.55340115447143e+001dB,-1.69465250106735e+002°)	(-3.55340663864139e+001dB,1.05328340186744e+001°)
5.50845740667633e+001	(-3.61042675272370e+001dB,-1.69809444633100e+002°)	(-3.61043223689462e+001dB,1.01885948691112e+001°)
5.63676586252890e+001	(-3.66653284495034e+001dB,-1.70136915367708e+002°)	(-3.66653832910622e+001dB,9.86107847171666e+000°)
5.76806300625321e+001	(-3.72177679574175e+001dB,-1.70448899996753e+002°)	(-3.72178227986153e+001dB,9.54904711588652e+000°)
5.90241845333277e+001	(-3.77621160549120e+001dB,-1.70746512898050e+002°)	(-3.77621708954768e+001dB,9.25138639821122e+000°)
6.03990344080403e+001	(-3.82988632253441e+001dB,-1.71030760196642e+002°)	(-3.82989180650667e+001dB,8.96709016680859e+000°)
6.18059086502718e+001	(-3.88284640815235e+001dB,-1.71302552666742e+002°)	(-3.88285189204771e+001dB,8.69524762059082e+000°)
6.32455532033675e+001	(-3.93513406069679e+001dB,-1.71562716831640e+002°)	(-3.93513954455285e+001dB,8.43503221062259e+000°)
6.47187313859256e+001	(-3.98678850418413e+001dB,-1.71812004549983e+002°)	(-3.98679398804613e+001dB,8.18569205274534e+000°)
6.62262242965182e+001	(-4.03784624593743e+001dB,-1.72051101325353e+002°)	(-4.03785172984532e+001dB,7.94654161640716e+000°)
6.77688312278404e+001	(-4.08834130722978e+001dB,-1.72280633533505e+002°)	(-4.08834679122523e+001dB,7.71695449759836e+000°)
6.93473700905062e+001	(-4.13830543035968e+001dB,-1.72501174721612e+002°)	(-4.13831091449806e+001dB,7.49635712070246e+000°)
7.09626778467150e+001	(-4.18776826495431e+001dB,-1.72713251091716e+002°)	(-4.18777374930267e+001dB,7.28422325613818e+000°)
7.26156109540202e+001	(-4.23675753519294e+001dB,-1.72917346268795e+002°)	(-4.23676301979449e+001dB,7.08006925185682e+000°)
7.43070458194344e+001	(-4.28529918934057e+001dB,-1.73113905543166e+002°)	(-4.28530467416964e+001dB,6.88344978766562e+000°)
7.60378792641121e+001	(-4.33341753571204e+001dB,-1.73303339762964e+002°)	(-4.33342302068590e+001dB,6.69395398088887e+000°)
7.78090289988560e+001	(-4.38113536855612e+001dB,-1.73486028749020e+002°)	(-4.38114085358539e+001dB,6.51120197478960e+000°)
7.96214341106993e+001	(-4.42847408221865e+001dB,-1.73662324173141e+002°)	(-4.42847956722410e+001dB,6.33484206291300e+000°)
8.14760555608224e+001	(-4.47545377346942e+001dB,-1.73832552105668e+002°)	(-4.47545925836071e+001dB,6.16454814048410e+000°)
8.33738766940670e+001	(-4.52209333444855e+001dB,-1.73997015336297e+002°)	(-4.52209881909841e+001dB,6.00001738104474e+000°)
8.53159037603184e+001	(-4.56841053780111e+001dB,-1.74155995467357e+002°)	(-4.56841602205745e+001dB,5.84096814085903e+000°)
8.73031664480331e+001	(-4.61442211473087e+001dB,-1.74309754787597e+002°)	(-4.61442759850603e+001dB,5.68713808683259e+000°)
8.93367184301925e+001	(-4.66014382657205e+001dB,-1.74458537949864e+002°)	(-4.66014930993489e+001dB,5.53828252660069e+000°)
9.14176379229749e+001	(-4.70559053047967e+001dB,-1.74602573477794e+002°)	(-4.70559601361125e+001dB,5.39417290427812e+000°)
9.35470282574395e+001	(-4.75077623982334e+001dB,-1.74742075124030e+002°)	(-4.75078172291344e+001dB,5.25459543427940e+000°)
9.57260184645275e+001	(-4.79571417986705e+001dB,-1.74877243098925e+002°)	(-4.79571966309331e+001dB,5.11934986819519e+000°)
9.79557638736891e+001	(-4.84041683935606e+001dB,-1.75008265179943e+002°)	(-4.84042232293560e+001dB,4.98824838835423e+000°)
1.00237446725454e+002	(-4.88489601856130e+001dB,-1.75135317686531e+002°)	(-4.88490150279695e+001dB,4.86111463866172e+000°)
1.02572276798273e+002	(-4.92916287344109e+001dB,-1.75258566276352e+002°)	(-4.92916835866072e+001dB,4.73778293236990e+000°)
1.04961492049954e+002	(-4.97322795399965e+001dB,-1.75378166626964e+002°)	(-4.97323344033722e+001dB,4.61809756306946e+000°)
1.07406359274050e+002	(-5.01710123795098e+001dB,-1.75494265295573e+002°)	(-5.01710672520684e+001dB,4.50191192815864e+000°)
1.09908174771525e+002	(-5.06079216628682e+001dB,-1.75607000699079e+002°)	(-5.06079765408459e+001dB,4.38908755033086e+000°)
1.12468265038070e+002	(-5.10430967961338e+001dB,-1.75716503747492e+002°)	(-5.10431516758896e+001dB,4.27949346158063e+000°)
1.15087987467431e+002	(-5.14766224919507e+001dB,-1.75822898229857e+002°)	(-5.14766773699277e+001dB,4.17300582228199e+000°)
1.17768731071118e+002	(-5.19085790372071e+001dB,-1.75926301242882e+002°)	(-5.19086339086887e+001dB,4.06950748457730e+000°)
1.20511917214871e+002	(-5.23390425436260e+001dB,-1.76026823662630e+002°)	(-5.23390974018515e+001dB,3.96888750837740e+000°)
1.23319000372296e+002	(-5.27680851862284e+001dB,-1.76124570594596e+002°)	(-5.27681400241352e+001dB,3.87104070410673e+000°)
1.26191468896038e+002	(-5.31957754280978e+001dB,-1.76219641783523e+002°)	(-5.31958302432800e+001dB,3.77586724275175e+000°)
1.29130845806931e+002	(-5.36221782309149e+001dB,-1.76312131986996e+002°)	(-5.36222330279575e+001dB,3.68327231694901e+000°)
1.32138689601519e+002	(-5.40473552520250e+001dB,-1.76402131320993e+002°)	(-5.40474100387578e+001dB,3.59316578509543e+000°)
1.35216595078396e+002	(-5.44713650297631e+001dB,-1.76489725585360e+002°)	(-5.44714198137966e+001dB,3.50546181029439e+000°)
1.38366194183787e+002	(-5.48942631603033e+001dB,-1.76574996572370e+002°)	(-5.48943179496413e+001dB,3.42007854617651e+000°)
1.41589156876827e+002	(-5.53161024711815e+001dB,-1.76658022335768e+002°)	(-5.53161572769142e+001dB,3.33693788721147e+000°)
1.44887192014998e+002	(-5.57369331913522e+001dB,-1.76738877329299e+002°)	(-5.57369880286967e+001dB,3.25596535671693e+000°)
1.48262048260183e+002	(-5.61568030881040e+001dB,-1.76817632334950e+002°)	(-5.61568579707988e+001dB,3.17709018436917e+000°)
1.51715515005836e+002	(-5.65757575318485e+001dB,-1.76894354534756e+002°)	(-5.65758124616711e+001dB,3.10024517631875e+000°)
1.55249423325738e+002	(-5.69938395715227e+001dB,-1.76969108213604e+002°)	(-5.69938945369253e+001dB,3.02536595437431e+000°)
1.58865646944856e+002	(-5.74110901165253e+001dB,-1.77041955382744e+002°)	(-5.74111451017531e+001dB,2.95239037990924e+000°)
1.62566103232819e+002	(-5.78275481129231e+001dB,-1.77112955721405e+002°)	(-5.78276031031747e+001dB,2.88125867601050e+000°)
1.66352754220534e+002	(-5.82432506440927e+001dB,-1.77182166422803e+002°)	(-5.82433056226634e+001dB,2.81191357724694e+000°)
1.70227607640475e+002	(-5.86582330066991e+001dB,-1.77249642258417e+002°)	(-5.86582879491128e+001dB,2.74430022057266e+000°)
1.74192717991216e+002	(-5.90725287913777e+001dB,-1.77315435737388e+002°)	(-5.90725836645966e+001dB,2.67836593109673e+000°)
1.78250187626749e+002	(-5.94861699664036e+001dB,-1.77379597264642e+002°)	(-5.94862247432890e+001dB,2.61406006855201e+000°)
1.82402167871181e+002	(-5.98991869593885e+001dB,-1.77442175280485e+002°)	(-5.98992416398560e+001dB,2.55133402786098e+000°)
1.86650860159398e+002	(-6.03116087350923e+001dB,-1.77503216389321e+002°)	(-6.03116633444235e+001dB,2.49014120256347e+000°)
1.90998517204287e+002	(-6.07234628697168e+001dB,-1.77562765489122e+002°)	(-6.07235174394924e+001dB,2.43043673136588e+000°)
1.95447444191162e+002	(-6.11347756244858e+001dB,-1.77620865911841e+002°)	(-6.11348301851045e+001dB,2.37217724707179e+000°)
1.99999999999999e+002	(-6.15455720255209e+001dB,-1.77677559564973e+002°)	(-6.15456266140349e+001dB,2.31532076339976e+000°)
2.04658598456150e+002	(-6.19558759588993e+001dB,-1.77732886975792e+002°)	(-6.19559306306819e+001dB,2.25982673197461e+000°)
2.09425709610179e+002	(-6.23657102617369e+001dB,-1.77786886991583e+002°)	(-6.23657650871686e+001dB,2.20565644962930e+000°)
2.14303861047521e+002	(-6.27750967167692e+001dB,-1.77839596206889e+002°)	(-6.27751517445098e+001dB,2.15277356788002e+000°)
2.19295639228636e+002	(-6.31840559400581e+001dB,-1.77891049269068e+002°)	(-6.31841111582969e+001dB,2.10114346434393e+000°)
2.24403690860392e+002	(-6.35926074231608e+001dB,-1.77941280235919e+002°)	(-6.35926627748089e+001dB,2.05073178789213e+000°)
2.29630724299376e+002	(-6.40007697508608e+001dB,-1.77990322966169e+002°)	(-6.40008251713783e+001dB,2.00150436870065e+000°)
2.34979510987905e+002	(-6.44085607181429e+001dB,-1.78038210489020e+002°)	(-6.44086161427513e+001dB,1.95342801572915e+000°)
2.40452886923482e+002	(-6.48159973369284e+001dB,-1.78084974627470e+002°)	(-6.48160526797253e+001dB,1.90647078681305e+000°)
2.46053754162476e+002	(-6.52230958383276e+001dB,-1.78130646011873e+002°)	(-6.52231509709710e+001dB,1.86060174009520e+000°)
2.51785082358833e+002	(-6.56298716951427e+001dB,-1.78175254196916e+002°)	(-6.56299264702845e+001dB,1.81579063284444e+000°)
2.57649910338626e+002	(-6.60363396542542e+001dB,-1.78218827764046e+002°)	(-6.60363939960851e+001dB,1.77200812198943e+000°)
2.63651347711281e+002	(-6.64425137708410e+001dB,-1.78261394399997e+002°)	(-6.64425677321978e+001dB,1.72922636269966e+000°)
2.69792576518330e+002	(-6.68484074418024e+001dB,-1.78302980965354e+002°)	(-6.68484611472391e+001dB,1.68741886128938e+000°)
2.76076852920576e+002	(-6.72540334389578e+001dB,-1.78343613567195e+002°)	(-6.72540870186596e+001dB,1.64655975869879e+000°)
2.82507508924550e+002	(-6.76594039458104e+001dB,-1.78383317641056e+002°)	(-6.76594575401703e+001dB,1.60662358011558e+000°)
2.89087954149185e+002	(-6.80645306053048e+001dB,-1.78422118004575e+002°)	(-6.80645844141157e+001dB,1.56758549688735e+000°)
2.95821677633641e+002	(-6.84694245779358e+001dB,-1.78460038729873e+002°)	(-6.84694788884195e+001dB,1.52942196465504e+000°)
3.02712249687241e+002	(-6.88740965608387e+001dB,-1.78497102692009e+002°)	(-6.88741516558313e+001dB,1.49211137378050e+000°)
3.09763323782495e+002	(-6.92785567013304e+001dB,-1.78533331361454e+002°)	(-6.92786126602376e+001dB,1.45563327106844e+000°)
3.16978638492222e+002	(-6.96828145364882e+001dB,-1.78568745643040e+002°)	(-6.96828711803731e+001dB,1.41996636881181e+000°)
3.24362019471785e+002	(-7.00868791144595e+001dB,-1.78603366629161e+002°)	(-7.00869361426558e+001dB,1.38508849169958e+000°)
3.31917381487511e+002	(-7.04907591195550e+001dB,-1.78637215290123e+002°)	(-7.04908161810396e+001dB,1.35097795073644e+000°)
3.39648730492348e+002	(-7.08944628880855e+001dB,-1.78670312015871e+002°)	(-7.08945195152375e+001dB,1.31761368914086e+000°)
3.47560165749874e+002	(-7.12979983927167e+001dB,-1.78702676509137e+002°)	(-7.12980539709764e+001dB,1.28497422692478e+000°)
3.55655882007783e+002	(-7.17013732412220e+001dB,-1.78734327844131e+002°)	(-7.17014272624392e+001dB,1.25303749285382e+000°)
3.63940171721995e+002	(-7.21045946871788e+001dB,-1.78765284538900e+002°)	(-7.21046471277942e+001dB,1.22178342284301e+000°)
3.72417427332572e+002	(-7.25076696445619e+001dB,-1.78795564610442e+002°)	(-7.25077208900778e+001dB,1.19119548419643e+000°)
3.81092143592648e+002	(-7.29106047025286e+001dB,-1.78825185620446e+002°)	(-7.29106551718647e+001dB,1.16125813268516e+000°)
3.89968919951608e+002	(-7.33134061396634e+001dB,-1.78854164725889e+002°)	(-7.33134561217662e+001dB,1.13195484505199e+000°)
3.99052462993775e+002	(-7.37160799392633e+001dB,-1.78882518750835e+002°)	(-7.37161296535273e+001dB,1.10326828537991e+000°)
4.08347588933904e+002	(-7.41186318115240e+001dB,-1.78910264291854e+002°)	(-7.41186815575980e+001dB,1.07518092381605e+000°)
4.17859226170806e+002	(-7.45210672362949e+001dB,-1.78937417819387e+002°)	(-7.45211175917977e+001dB,1.04767577651715e+000°)
4.27592417900445e+002	(-7.49233915379339e+001dB,-1.78963995544741e+002°)	(-7.49234435214244e+001dB,1.02073802399914e+000°)
4.37552324789909e+002	(-7.53256099333816e+001dB,-1.78990012624094e+002°)	(-7.53256648137798e+001dB,9.94357256398022e-001°)
4.47744227713666e+002	(-7.57277273836427e+001dB,-1.79015482209180e+002°)	(-7.57277859056813e+001dB,9.68526090583040e-001°)
4.58173530553553e+002	(-7.61297483439531e+001dB,-1.79040416431640e+002°)	(-7.61298101681693e+001dB,9.43233263951767e-001°)
4.68845763063983e+002	(-7.65316768596484e+001dB,-1.79064828483495e+002°)	(-7.65317409913832e+001dB,9.18461651628573e-001°)
4.79766583803896e+002	(-7.69335168504479e+001dB,-1.79088732615661e+002°)	(-7.69335822263335e+001dB,8.94193804596703e-001°)
4.90941783137004e+002	(-7.73352721816822e+001dB,-1.79112143001652e+002°)	(-7.73353376603600e+001dB,8.70414973809250e-001°)
5.02377286301914e+002	(-7.77369466037708e+001dB,-1.79135073232090e+002°)	(-7.77370105135239e+001dB,8.47111204284604e-001°)
5.14079156553771e+002	(-7.81385437066053e+001dB,-1.79157536336321e+002°)	(-7.81386034558985e+001dB,8.24264724058619e-001°)
5.26053598379074e+002	(-7.85400669063277e+001dB,-1.79179544912141e+002°)	(-7.85401195673826e+001dB,8.01850624914911e-001°)
5.38306960785381e+002	(-7.89415194465993e+001dB,-1.79201111233082e+002°)	(-7.89415635987581e+001dB,7.79843914117541e-001°)
5.50845740667631e+002	(-7.93429044037672e+001dB,-1.79222247338620e+002°)	(-7.93429410668609e+001dB,7.58232197316440e-001°)
5.63676586252888e+002	(-7.97442246939775e+001dB,-1.79242965142687e+002°)	(-7.97442561348220e+001dB,7.37012209857148e-001°)
5.76806300625319e+002	(-8.01454830883588e+001dB,-1.79263276599355e+002°)	(-8.01455116931948e+001dB,7.16177686506391e-001°)
5.90241845333275e+002	(-8.05466822560346e+001dB,-1.79283193922937e+002°)	(-8.05467107586868e+001dB,6.95717072946742e-001°)
6.03990344080401e+002	(-8.09478248686653e+001dB,-1.79302729625536e+002°)	(-8.09478573442699e+001dB,6.75620191702459e-001°)
6.18059086502716e+002	(-8.13489137413985e+001dB,-1.79321895590383e+002°)	(-8.13489559784491e+001dB,6.55889245645205e-001°)
6.32455532033673e+002	(-8.17499517408700e+001dB,-1.79340700832155e+002°)	(-8.17500090580436e+001dB,6.36542516306256e-001°)
6.47187313859254e+002	(-8.21509412512278e+001dB,-1.79359151180435e+002°)	(-8.21510147743750e+001dB,6.17592288438241e-001°)
6.62262242965179e+002	(-8.25518839470536e+001dB,-1.79377253364508e+002°)	(-8.25519703912511e+001dB,5.99022627797519e-001°)
6.77688312278402e+002	(-8.29527813142081e+001dB,-1.79395017365365e+002°)	(-8.29528759845623e+001dB,5.80805171273565e-001°)
6.93473700905060e+002	(-8.33536350205530e+001dB,-1.79412454520432e+002°)	(-8.33537332564188e+001dB,5.62920660572302e-001°)
7.09626778467148e+002	(-8.37544468538928e+001dB,-1.79429575719628e+002°)	(-8.37545428780514e+001dB,5.45358307961852e-001°)
7.26156109540200e+002	(-8.41552185873081e+001dB,-1.79446391057008e+002°)	(-8.41553033673970e+001dB,5.28100179956059e-001°)
7.43070458194342e+002	(-8.45559519155381e+001dB,-1.79462910028274e+002°)	(-8.45560130823119e+001dB,5.11100973907920e-001°)
7.60378792641119e+002	(-8.49566484395057e+001dB,-1.79479141738632e+002°)	(-8.49566759151983e+001dB,4.94292772052523e-001°)
7.78090289988558e+002	(-8.53573096680148e+001dB,-1.79495095029788e+002°)	(-8.53573028262907e+001dB,4.77637373626568e-001°)
7.96214341106991e+002	(-8.57579370234297e+001dB,-1.79510778551805e+002°)	(-8.57579034264836e+001dB,4.61150871733696e-001°)
8.14760555608222e+002	(-8.61585318478650e+001dB,-1.79526200811236e+002°)	(-8.61584811895373e+001dB,4.44858545659692e-001°)
8.33738766940667e+002	(-8.65590954107950e+001dB,-1.79541370214342e+002°)	(-8.65590377930256e+001dB,4.28763124863150e-001°)
8.53159037603181e+002	(-8.69596289220459e+001dB,-1.79556295101417e+002°)	(-8.69595779910273e+001dB,4.12858066722957e-001°)
8.73031664480328e+002	(-8.73601335533297e+001dB,-1.79570983706971e+002°)	(-8.73601102874909e+001dB,3.97165630482718e-001°)
8.93367184301922e+002	(-8.77606104501416e+001dB,-1.79585443928869e+002°)	(-8.77606400400217e+001dB,3.81770840282972e-001°)
9.14176379229746e+002	(-8.81610606866526e+001dB,-1.79599683076977e+002°)	(-8.81611580256081e+001dB,3.66777653988189e-001°)
9.35470282574392e+002	(-8.85614851979626e+001dB,-1.79613708181666e+002°)	(-8.85616446884742e+001dB,3.52197084172115e-001°)
9.57260184645272e+002	(-8.89618848117995e+001dB,-1.79627526557306e+002°)	(-8.89620886153749e+001dB,3.37951430545794e-001°)
9.79557638736888e+002	(-8.93622603250196e+001dB,-1.79641145772113e+002°)	(-8.93624891766787e+001dB,3.23976794981619e-001°)
1.00237446725454e+003	(-8.97626125196384e+001dB,-1.79654573339589e+002°)	(-8.97628456093712e+001dB,3.10256774983624e-001°)
1.02572276798272e+003	(-9.01629421454036e+001dB,-1.79667816590843e+002°)	(-9.01631490522585e+001dB,2.96778049255302e-001°)
1.04961492049954e+003	(-9.05632499072353e+001dB,-1.79680882684303e+002°)	(-9.05633841055387e+001dB,2.83447202656567e-001°)
1.07406359274050e+003	(-9.09635364612420e+001dB,-1.79693778642090e+002°)	(-9.09635468931538e+001dB,2.70040016859797e-001°)
1.09908174771524e+003	(-9.13638024144704e+001dB,-1.79706511380212e+002°)	(-9.13636658830597e+001dB,2.56339927364771e-001°)
1.12468265038069e+003	(-9.17640483256447e+001dB,-1.79719087735004e+002°)	(-9.17637831053978e+001dB,2.42350150101757e-001°)
1.15087987467431e+003	(-9.21642747064961e+001dB,-1.79731514495565e+002°)	(-9.21639188731457e+001dB,2.28214580193340e-001°)
1.17768731071117e+003	(-9.25644820255422e+001dB,-1.79743798452756e+002°)	(-9.25640755761847e+001dB,2.14018352243200e-001°)
1.20511917214871e+003	(-9.29646707200915e+001dB,-1.79755946462552e+002°)	(-9.29642608423683e+001dB,1.99764270314124e-001°)
1.23319000372296e+003	(-9.33648412259593e+001dB,-1.79767965450837e+002°)	(-9.33644998525987e+001dB,1.85493171046019e-001°)
1.26191468896038e+003	(-9.37649940153759e+001dB,-1.79779862132424e+002°)	(-9.37648230974699e+001dB,1.71459545907885e-001°)
1.29130845806930e+003	(-9.41651295633497e+001dB,-1.79791642382074e+002°)	(-9.41652206427149e+001dB,1.58142141635820e-001°)
1.32138689601518e+003	(-9.45652481949529e+001dB,-1.79803311222608e+002°)	(-9.45656185472550e+001dB,1.45838779701553e-001°)
1.35216595078396e+003	(-9.49653500353258e+001dB,-1.79814873994361e+002°)	(-9.49659426360706e+001dB,1.34377978455499e-001°)
1.38366194183787e+003	(-9.53654351584464e+001dB,-1.79826336923755e+002°)	(-9.53661702379416e+001dB,1.23451692017615e-001°)
1.41589156876827e+003	(-9.57655036799973e+001dB,-1.79837706570043e+002°)	(-9.57663006601660e+001dB,1.12935700269476e-001°)
1.44887192014997e+003	(-9.61655557354196e+001dB,-1.79848989356641e+002°)	(-9.61663111902858e+001dB,1.02830123959473e-001°)
1.48262048260183e+003	(-9.65655914426051e+001dB,-1.79860191494003e+002°)	(-9.65661422989207e+001dB,9.29693056118381e-002°)
1.51715515005836e+003	(-9.69656108839361e+001dB,-1.79871319040112e+002°)	(-9.69657393939102e+001dB,8.26794654439171e-002°)
1.55249423325738e+003	(-9.73656141004791e+001dB,-1.79882377963988e+002°)	(-9.73651541568565e+001dB,7.09384687533994e-002°)
1.58865646944855e+003	(-9.77656010900521e+001dB,-1.79893374196330e+002°)	(-9.77645547495027e+001dB,5.73212637647087e-002°)
1.62566103232819e+003	(-9.81655718066428e+001dB,-1.79904313683763e+002°)	(-9.81640730473691e+001dB,4.23009290101194e-002°)
1.66352754220533e+003	(-9.85655261625731e+001dB,-1.79915202467257e+002°)	(-9.85637389140953e+001dB,2.64243372538063e-002°)
1.70227607640474e+003	(-9.89654640409769e+001dB,-1.79926046799327e+002°)	(-9.89635619931596e+001dB,9.84084445009032e-003°)
1.74192717991215e+003	(-9.93653853359223e+001dB,-1.79936853241087e+002°)	(-9.93636112130465e+001dB,-7.41760778027589e-003°)
1.78250187626748e+003	(-9.97652900300354e+001dB,-1.79947628420952e+002°)	(-9.97640182416928e+001dB,-2.47557224799806e-002°)
1.82402167871181e+003	(-1.00165178219315e+002dB,-1.79958377973330e+002°)	(-1.00164844896879e+002dB,-4.04752721941497e-002°)
1.86650860159397e+003	(-1.00565049887991e+002dB,-1.79969105576171e+002°)	(-1.00565890786327e+002dB,-5.26969941436095e-002°)
1.90998517204286e+003	(-1.00964904633656e+002dB,-1.79979814468093e+002°)	(-1.00966801426148e+002dB,-6.12657841136207e-002°)
1.95447444191161e+003	(-1.01364741830393e+002dB,-1.79990509663562e+002°)	(-1.01367383359664e+002dB,-6.74298559146320e-002°)
1.99999999999999e+003	(-1.01764560925752e+002dB,1.79998802412669e+002°)	(-1.01767617608154e+002dB,-7.20805245541707e-002°)
2.04658598456150e+003	(-1.02164361476240e+002dB,1.79988115197119e+002°)	(-1.02167466344987e+002dB,-7.53175523558220e-002°)
2.09425709610179e+003	(-1.02564143064746e+002dB,1.79977422455281e+002°)	(-1.02566745556726e+002dB,-7.73053378793304e-002°)
2.14303861047520e+003	(-1.02963905244786e+002dB,1.79966718231218e+002°)	(-1.02965174367916e+002dB,-7.97529483799597e-002°)
2.19295639228636e+003	(-1.03363647519040e+002dB,1.79955996714117e+002°)	(-1.03362718189106e+002dB,-8.65915838804807e-002°)
2.24403690860391e+003	(-1.03763369331343e+002dB,1.79945252131721e+002°)	(-1.03759911305158e+002dB,-1.01184089380473e-001°)
2.29630724299375e+003	(-1.04163070062477e+002dB,1.79934478649123e+002°)	(-1.04157450402764e+002dB,-1.22945032658333e-001°)
2.34979510987905e+003	(-1.04562749030179e+002dB,1.79923670235792e+002°)	(-1.04555627360790e+002dB,-1.49262330751589e-001°)
2.40452886923481e+003	(-1.04962405501194e+002dB,1.79912820465583e+002°)	(-1.04954464938668e+002dB,-1.78756829274070e-001°)
2.46053754162475e+003	(-1.05362038741080e+002dB,1.79901922265805e+002°)	(-1.05354113204806e+002dB,-2.11350899054696e-001°)
2.51785082358832e+003	(-1.05761648141446e+002dB,1.79890967968858e+002°)	(-1.05755031660305e+002dB,-2.46023785259439e-001°)
2.57649910338625e+003	(-1.06161233365871e+002dB,1.79879950675340e+002°)	(-1.06157721293644e+002dB,-2.77789594237088e-001°)
2.63651347711280e+003	(-1.06560794150324e+002dB,1.79868866915628e+002°)	(-1.06561895382781e+002dB,-2.98115693704319e-001°)
2.69792576518329e+003	(-1.06960329641700e+002dB,1.79857716159085e+002°)	(-1.06966198579839e+002dB,-3.02462843341050e-001°)
2.76076852920575e+003	(-1.07359838285274e+002dB,1.79846495748775e+002°)	(-1.07369414208651e+002dB,-2.94289189367687e-001°)
2.82507508924549e+003	(-1.07759318472949e+002dB,1.79835199144701e+002°)	(-1.07771220525024e+002dB,-2.78613483062102e-001°)
2.89087954149184e+003	(-1.08158768864651e+002dB,1.79823818439860e+002°)	(-1.08171585009307e+002dB,-2.57092988705600e-001°)
2.95821677633640e+003	(-1.08558188267673e+002dB,1.79812346129818e+002°)	(-1.08570031053341e+002dB,-2.29654038048957e-001°)
3.02712249687240e+003	(-1.08957575485334e+002dB,1.79800775329797e+002°)	(-1.08965463740035e+002dB,-1.99892790354598e-001°)
3.09763323782494e+003	(-1.09356929248009e+002dB,1.79789099527167e+002°)	(-1.09357064263445e+002dB,-1.80696952905690e-001°)
3.16978638492221e+003	(-1.09756248186888e+002dB,1.79777312357605e+002°)	(-1.09746065993581e+002dB,-1.89411528924807e-001°)
3.24362019471784e+003	(-1.10155530818262e+002dB,1.79765407401408e+002°)	(-1.10135483001049e+002dB,-2.30875915174860e-001°)
3.31917381487510e+003	(-1.10554775537699e+002dB,1.79753377921452e+002°)	(-1.10527343645616e+002dB,-2.95542279174045e-001°)
3.39648730492347e+003	(-1.10953980633936e+002dB,1.79741216511750e+002°)	(-1.10921995127082e+002dB,-3.74601242369655e-001°)
3.47560165749873e+003	(-1.11353144350351e+002dB,1.79728914614383e+002°)	(-1.11319673691530e+002dB,-4.66167327837186e-001°)
3.55655882007782e+003	(-1.11752265072656e+002dB,1.79716462210178e+002°)	(-1.11721754664127e+002dB,-5.69084439316693e-001°)
3.63940171721994e+003	(-1.12151341660335e+002dB,1.79703849227545e+002°)	(-1.12130555685287e+002dB,-6.70588552030909e-001°)
3.72417427332571e+003	(-1.12550373442953e+002dB,1.79691070443143e+002°)	(-1.12546674990214e+002dB,-7.38859956967681e-001°)
3.81092143592647e+003	(-1.12949359117411e+002dB,1.79678128521194e+002°)	(-1.12965959174173e+002dB,-7.43622794932595e-001°)
3.89968919951606e+003	(-1.13348295781554e+002dB,1.79665026105065e+002°)	(-1.13382346855293e+002dB,-6.87042337079465e-001°)
3.99052462993773e+003	(-1.13747179872377e+002dB,1.79651757761241e+002°)	(-1.13793008454905e+002dB,-5.91341333315129e-001°)
4.08347588933903e+003	(-1.14146008278671e+002dB,1.79638312937723e+002°)	(-1.14197662360882e+002dB,-4.69677767750902e-001°)
4.17859226170805e+003	(-1.14544778341473e+002dB,1.79624680941927e+002°)	(-1.14595144936931e+002dB,-3.23529409227455e-001°)
4.27592417900444e+003	(-1.14943487508173e+002dB,1.79610852366592e+002°)	(-1.14981711399613e+002dB,-1.61367789836877e-001°)
4.37552324789908e+003	(-1.15342133135838e+002dB,1.79596818782396e+002°)	(-1.15353214076841e+002dB,-2.43747910198712e-002°)
4.47744227713665e+003	(-1.15740712413398e+002dB,1.79582572325329e+002°)	(-1.15712044008875e+002dB,1.68365950052153e-002°)
4.58173530553552e+003	(-1.16139222303792e+002dB,1.79568105325190e+002°)	(-1.16069442053381e+002dB,-7.46574819187397e-002°)
4.68845763063981e+003	(-1.16537659510899e+002dB,1.79553409692884e+002°)	(-1.16435357430613e+002dB,-2.69224606076451e-001°)
4.79766583803895e+003	(-1.16936020504857e+002dB,1.79538476208447e+002°)	(-1.16812207899332e+002dB,-5.24798759139918e-001°)
4.90941783137003e+003	(-1.17334301604549e+002dB,1.79523293711855e+002°)	(-1.17199893115303e+002dB,-8.27706533538077e-001°)
5.02377286301913e+003	(-1.17732499224959e+002dB,1.79507848181817e+002°)	(-1.17601775019444e+002dB,-1.18057119245309e+000°)
5.14079156553769e+003	(-1.18130610458439e+002dB,1.79492123525328e+002°)	(-1.18026498562324e+002dB,-1.56099494317905e+000°)
5.26053598379073e+003	(-1.18528633583260e+002dB,1.79476108590380e+002°)	(-1.18481962035284e+002dB,-1.87305342200151e+000°)
5.38306960785379e+003	(-1.18926566805903e+002dB,1.79459807887782e+002°)	(-1.18960708317091e+002dB,-1.97012749017978e+000°)
5.50845740667629e+003	(-1.19324405491640e+002dB,1.79443235206318e+002°)	(-1.19438361538987e+002dB,-1.79179304078882e+000°)
5.63676586252887e+003	(-1.19722142467185e+002dB,1.79426392093633e+002°)	(-1.19895820380010e+002dB,-1.40771921240093e+000°)
5.76806300625317e+003	(-1.20119770816879e+002dB,1.79409265035588e+002°)	(-1.20328708994042e+002dB,-8.96998618178324e-001°)
5.90241845333273e+003	(-1.20517284767283e+002dB,1.79391836754568e+002°)	(-1.20735098340565e+002dB,-2.80499335214797e-001°)
6.03990344080399e+003	(-1.20914679057191e+002dB,1.79374092046157e+002°)	(-1.21103719182740e+002dB,4.33383759826087e-001°)
6.18059086502713e+003	(-1.21311948412000e+002dB,1.79356017984290e+002°)	(-1.21414494859749e+002dB,1.14097576909212e+000°)
6.32455532033671e+003	(-1.21709087353755e+002dB,1.79337603330829e+002°)	(-1.21661238460377e+002dB,1.57047648888230e+000°)
6.47187313859252e+003	(-1.22106090022193e+002dB,1.79318838450969e+002°)	(-1.21879458465893e+002dB,1.45735797831853e+000°)
6.62262242965177e+003	(-1.22502949927438e+002dB,1.79299714000391e+002°)	(-1.22121889898249e+002dB,8.24683253507404e-001°)
6.77688312278400e+003	(-1.22899659965454e+002dB,1.79280218388887e+002°)	(-1.22411881429824e+002dB,-1.24708250560443e-001°)
6.93473700905058e+003	(-1.23296212681616e+002dB,1.79260336046782e+002°)	(-1.22748949292214e+002dB,-1.27121913569052e+000°)
7.09626778467146e+003	(-1.23692600687850e+002dB,1.79240046072564e+002°)	(-1.23138465992452e+002dB,-2.61008875290379e+000°)
7.26156109540197e+003	(-1.24088817605986e+002dB,1.79219322565903e+002°)	(-1.23607779243921e+002dB,-4.11306051919489e+000°)
7.43070458194339e+003	(-1.24484859293122e+002dB,1.79198144692343e+002°)	(-1.24196536240537e+002dB,-5.51706986529463e+000°)
7.60378792641117e+003	(-1.24880722499371e+002dB,1.79176518658308e+002°)	(-1.24906054854422e+002dB,-6.24469198928402e+000°)
7.78090289988555e+003	(-1.25276399423865e+002dB,1.79154476418072e+002°)	(-1.25655848765253e+002dB,-5.81859988028846e+000°)
7.96214341106988e+003	(-1.25671876345754e+002dB,1.79132033829254e+002°)	(-1.26343813835957e+002dB,-4.32319020725035e+000°)
8.14760555608219e+003	(-1.26067138999071e+002dB,1.79109173851796e+002°)	(-1.26922572906535e+002dB,-2.11414878667824e+000°)
8.33738766940664e+003	(-1.26462175415705e+002dB,1.79085867220080e+002°)	(-1.27373360833225e+002dB,6.13172940469929e-001°)
8.53159037603179e+003	(-1.26856974988936e+002dB,1.79062086999166e+002°)	(-1.27647960237654e+002dB,3.72255061855205e+000°)
8.73031664480325e+003	(-1.27251527456403e+002dB,1.79037810189800e+002°)	(-1.27671578795734e+002dB,6.65252812214481e+000°)
8.93367184301919e+003	(-1.27645822671849e+002dB,1.79013018299635e+002°)	(-1.27453653165564e+002dB,8.21458557332894e+000°)
9.14176379229743e+003	(-1.28039850001377e+002dB,1.78987700893285e+002°)	(-1.27175438718614e+002dB,7.57114619098481e+000°)
9.35470282574389e+003	(-1.28433596965533e+002dB,1.78961852552668e+002°)	(-1.27032670373009e+002dB,5.16888782833981e+000°)
9.57260184645269e+003	(-1.28827049153555e+002dB,1.78935461935959e+002°)	(-1.27073588291580e+002dB,1.91951449000039e+000°)
9.79557638736884e+003	(-1.29220191435003e+002dB,1.78908507278205e+002°)	(-1.27261480730116e+002dB,-1.75742124535139e+000°)
1.00237446725454e+004	(-1.29613008848702e+002dB,1.78880957166959e+002°)	(-1.27581593544763e+002dB,-5.94048564430225e+000°)
1.02572276798272e+004	(-1.30005487788368e+002dB,1.78852771263631e+002°)	(-1.28091996107901e+002dB,-1.08294682098401e+001°)
1.04961492049954e+004	(-1.30397618116527e+002dB,1.78823912131590e+002°)	(-1.28934001808454e+002dB,-1.62241036345336e+001°)
1.07406359274050e+004	(-1.30789392515590e+002dB,1.78794381463319e+002°)	(-1.30267364511884e+002dB,-2.08764651572559e+001°)
1.09908174771524e+004	(-1.31180797749138e+002dB,1.78764235936223e+002°)	(-1.32097109574582e+002dB,-2.24106009284450e+001°)
1.12468265038069e+004	(-1.31571808742778e+002dB,1.78733520765158e+002°)	(-1.34148428209930e+002dB,-1.84259378677055e+001°)
1.15087987467430e+004	(-1.31962396969166e+002dB,1.78702217803788e+002°)	(-1.35900365520831e+002dB,-7.64059741665068e+000°)
1.17768731071117e+004	(-1.32352537746047e+002dB,1.78670275106829e+002°)	(-1.36612085831917e+002dB,8.86123794512020e+000°)
1.20511917214871e+004	(-1.32742209407470e+002dB,1.78637637816262e+002°)	(-1.35725390439831e+002dB,2.52425483675484e+001°)
1.23319000372295e+004	(-1.33131391839383e+002dB,1.78604250783560e+002°)	(-1.33680245852666e+002dB,3.44034078914082e+001°)
1.26191468896038e+004	(-1.33520067683613e+002dB,1.78570061559963e+002°)	(-1.31432271838802e+002dB,3.46264586756624e+001°)
1.29130845806930e+004	(-1.33908222575522e+002dB,1.78535048700897e+002°)	(-1.29624684132203e+002dB,2.81668545555675e+001°)
1.32138689601518e+004	(-1.34295838298882e+002dB,1.78499242676745e+002°)	(-1.28479241890110e+002dB,1.81887250994465e+001°)
1.35216595078395e+004	(-1.34682886382819e+002dB,1.78462677186184e+002°)	(-1.27911541531321e+002dB,7.03833518081502e+000°)
1.38366194183786e+004	(-1.35069333615200e+002dB,1.78425335919051e+002°)	(-1.27741467069955e+002dB,-4.48857461232034e+000°)
1.41589156876826e+004	(-1.35455149741680e+002dB,1.78387165297041e+002°)	(-1.27873130490650e+002dB,-1.67398654662718e+001°)
1.44887192014997e+004	(-1.35840309660867e+002dB,1.78348111455688e+002°)	(-1.28362855711275e+002dB,-3.04012306743746e+001°)
1.48262048260182e+004	(-1.36224791519439e+002dB,1.78308158792448e+002°)	(-1.29406817998964e+002dB,-4.57658279493792e+001°)
1.51715515005835e+004	(-1.36608568605068e+002dB,1.78267351179618e+002°)	(-1.31258105087821e+002dB,-6.23915988837488e+001°)
1.55249423325737e+004	(-1.36991600835455e+002dB,1.78225738488225e+002°)	(-1.34162659883546e+002dB,-7.99873094464113e+001°)
1.58865646944855e+004	(-1.37373840192650e+002dB,1.78183300409603e+002°)	(-1.38586629996550e+002dB,-1.01562990547786e+002°)
1.62566103232818e+004	(-1.37755240965697e+002dB,1.78139953783975e+002°)	(-1.45265499640320e+002dB,-1.49406987143419e+002°)
1.66352754220533e+004	(-1.38135761451681e+002dB,1.78095584373919e+002°)	(-1.42546994096057e+002dB,1.21358161531671e+002°)
1.70227607640474e+004	(-1.38515365291236e+002dB,1.78050041274425e+002°)	(-1.36209857961606e+002dB,8.73188190127334e+001°)
1.74192717991215e+004	(-1.38894031388258e+002dB,1.78003153457910e+002°)	(-1.32117145812377e+002dB,6.57335946097914e+001°)
1.78250187626748e+004	(-1.39271759597766e+002dB,1.77954876181264e+002°)	(-1.29427697475079e+002dB,4.57985226607920e+001°)
1.82402167871180e+004	(-1.39648538901413e+002dB,1.77905431099428e+002°)	(-1.27769515137670e+002dB,2.68791545553433e+001°)
1.86650860159397e+004	(-1.40024312353660e+002dB,1.77855081950641e+002°)	(-1.26789595492023e+002dB,9.75325136207460e+000°)
1.90998517204286e+004	(-1.40399004513121e+002dB,1.77803877946688e+002°)	(-1.26143976089331e+002dB,-5.68598138450989e+000°)
1.95447444191160e+004	(-1.40772555167775e+002dB,1.77751756477609e+002°)	(-1.25619744387364e+002dB,-2.04505003775513e+001°)
2.00000000000000e+004	(-1.41144915879756e+002dB,1.77698719446370e+002°)	(-1.25170972525914e+002dB,-3.58339714879274e+001°)
